testimony_id,interviewee_year_of_birth
HVT-1,1925
HVT-2,1925
HVT-3,1928
HVT-4,1928
HVT-5,1932
HVT-6,1924
HVT-7,1929
HVT-8,1931
HVT-9,1929
HVT-10,1928
HVT-11,1929
HVT-12,1926
HVT-13,1916
HVT-14,1904
HVT-15,1923
HVT-16,1936
HVT-17,1916
HVT-18,1923
HVT-19,1914
HVT-20,1923
HVT-21,1900
HVT-22,1922
HVT-23,1924
HVT-24,1941
HVT-25,
HVT-26,1928
HVT-27,1921
HVT-28,1926
HVT-29,1922
HVT-30,1921
HVT-31,1910
HVT-32,
HVT-33,
HVT-34,
HVT-35,
HVT-36,1923
HVT-37,1923
HVT-38,1933
HVT-39,1921
HVT-40,1922
HVT-41,1925
HVT-42,1922
HVT-43,1928
HVT-44,1910
HVT-45,
HVT-46,1937
HVT-47,1928
HVT-48,1935
HVT-49,1925
HVT-50,1933
HVT-51,1923
HVT-52,
HVT-53,
HVT-54,1929
HVT-55,1921
HVT-56,
HVT-57,
HVT-58,1924
HVT-59,1939
HVT-60,1920
HVT-61,
HVT-62,1928
HVT-63,1932
HVT-64,1928
HVT-65,1930
HVT-66,
HVT-67,1929
HVT-68,1911
HVT-69,1923
HVT-70,1922
HVT-71,1924
HVT-72,1933
HVT-73,1910
HVT-74,
HVT-75,
HVT-76,1923
HVT-77,
HVT-78,1925
HVT-79,
HVT-80,1926
HVT-81,1911
HVT-82,1919
HVT-83,1921
HVT-84,
HVT-85,1931
HVT-86,
HVT-87,
HVT-88,
HVT-89,
HVT-90,1915
HVT-91,1925
HVT-92,1931
HVT-93,1922
HVT-94,1914
HVT-95,1929
HVT-96,
HVT-97,1924
HVT-98,1925
HVT-99,1919
HVT-100,1929
HVT-101,1934
HVT-102,
HVT-103,1925
HVT-104,1915
HVT-105,1935
HVT-106,1920
HVT-107,1920
HVT-108,1929
HVT-109,
HVT-110,
HVT-111,1926
HVT-112,1918
HVT-113,1930
HVT-114,1924
HVT-115,1932
HVT-116,
HVT-117,
HVT-118,1905
HVT-119,1905
HVT-120,1900
HVT-121,1909
HVT-122,
HVT-123,
HVT-124,1909
HVT-125,1921
HVT-126,1904
HVT-127,1903
HVT-128,1892
HVT-129,1908
HVT-130,1893
HVT-131,
HVT-132,1909
HVT-133,1898
HVT-134,1927
HVT-135,1922
HVT-136,1923
HVT-137,1916
HVT-138,1929
HVT-139,1934
HVT-140,1915
HVT-141,1913
HVT-144,
HVT-145,1910
HVT-146,1924
HVT-147,1920
HVT-148,1914
HVT-149,1906
HVT-150,1924
HVT-151,1914
HVT-152,1938
HVT-153,
HVT-154,1903
HVT-155,1908
HVT-156,1927
HVT-157,1915
HVT-158,1923
HVT-159,1911
HVT-160,1920
HVT-161,1946
HVT-162,1921
HVT-163,1906
HVT-164,1930
HVT-165,
HVT-166,1925
HVT-167,
HVT-168,
HVT-169,1910
HVT-170,1922
HVT-171,1919
HVT-172,
HVT-173,1934
HVT-174,1922
HVT-175,1919
HVT-176,1914
HVT-177,1928
HVT-178,1923
HVT-179,1927
HVT-180,1924
HVT-181,1920
HVT-182,1914
HVT-183,1916
HVT-184,1922
HVT-185,1918
HVT-186,1924
HVT-188,1910
HVT-189,1914
HVT-190,1920
HVT-191,1937
HVT-192,1914
HVT-193,1914
HVT-194,1918
HVT-195,1921
HVT-196,1924
HVT-197,1915
HVT-198,1925
HVT-199,1923
HVT-200,1914
HVT-201,1915
HVT-202,
HVT-203,1939
HVT-204,1923
HVT-205,1906
HVT-206,1924
HVT-207,
HVT-208,1909
HVT-209,1915
HVT-210,1923
HVT-211,1929
HVT-212,1922
HVT-213,1930
HVT-214,1914
HVT-215,1918
HVT-216,1922
HVT-217,1912
HVT-218,1910
HVT-219,1926
HVT-220,1926
HVT-221,
HVT-222,1924
HVT-223,1928
HVT-224,1916
HVT-225,1929
HVT-226,1921
HVT-227,1935
HVT-228,1914
HVT-229,1920
HVT-230,1920
HVT-231,1906
HVT-232,
HVT-233,1908
HVT-234,1920
HVT-235,1922
HVT-236,1914
HVT-237,1907
HVT-238,1898
HVT-239,1934
HVT-240,1904
HVT-241,1914
HVT-242,1913
HVT-243,1906
HVT-244,1921
HVT-245,1904
HVT-246,1903
HVT-247,1934
HVT-248,1925
HVT-249,1900
HVT-250,1918
HVT-251,1902
HVT-252,1908
HVT-253,1925
HVT-254,1909
HVT-255,1911
HVT-256,
HVT-257,
HVT-258,1925
HVT-259,1923
HVT-260,1909
HVT-261,1906
HVT-262,1906
HVT-263,1919
HVT-264,1921
HVT-265,1919
HVT-266,1927
HVT-267,
HVT-268,1919
HVT-269,1913
HVT-270,
HVT-271,
HVT-272,
HVT-273,
HVT-274,1924
HVT-275,1920
HVT-276,1922
HVT-277,1924
HVT-278,1922
HVT-279,1922
HVT-280,1928
HVT-281,1925
HVT-282,1922
HVT-283,1928
HVT-284,1921
HVT-285,1918
HVT-286,1929
HVT-287,1919
HVT-288,1925
HVT-289,1925
HVT-290,1923
HVT-291,1904
HVT-292,1915
HVT-293,1905
HVT-294,1925
HVT-295,1923
HVT-296,1931
HVT-297,1926
HVT-298,1897
HVT-299,1919
HVT-300,1923
HVT-301,1929
HVT-302,1910
HVT-303,1918
HVT-304,1912
HVT-305,1918
HVT-306,1920
HVT-307,1915
HVT-308,1907
HVT-309,1926
HVT-310,1929
HVT-311,
HVT-312,1939
HVT-313,1940
HVT-314,1930
HVT-315,1937
HVT-316,1936
HVT-317,1940
HVT-318,1940
HVT-319,1936
HVT-320,
HVT-321,
HVT-322,1925
HVT-323,1938
HVT-324,
HVT-325,1929
HVT-326,1932
HVT-327,1926
HVT-328,1935
HVT-329,1934
HVT-330,1910
HVT-331,
HVT-332,1926
HVT-333,
HVT-334,
HVT-335,1923
HVT-336,
HVT-337,
HVT-338,
HVT-339,1917
HVT-340,
HVT-341,1925
HVT-342,
HVT-343,1924
HVT-344,
HVT-345,1920
HVT-346,1922
HVT-347,
HVT-348,1933
HVT-349,
HVT-350,1927
HVT-351,
HVT-352,
HVT-353,1925
HVT-354,
HVT-355,
HVT-356,
HVT-357,1914
HVT-358,
HVT-359,
HVT-360,1929
HVT-361,1923
HVT-362,1926
HVT-363,1933
HVT-364,1928
HVT-365,1912
HVT-366,1923
HVT-367,
HVT-368,
HVT-369,
HVT-370,1936
HVT-371,
HVT-372,
HVT-373,
HVT-374,
HVT-375,1908
HVT-376,1918
HVT-377,1923
HVT-378,1922
HVT-379,1924
HVT-380,
HVT-381,1927
HVT-382,
HVT-383,
HVT-384,1922
HVT-385,
HVT-386,1919
HVT-387,
HVT-388,
HVT-389,
HVT-390,
HVT-391,
HVT-392,1926
HVT-393,1933
HVT-394,
HVT-395,
HVT-396,
HVT-397,
HVT-398,1923
HVT-399,1934
HVT-400,1927
HVT-401,1923
HVT-402,1924
HVT-403,
HVT-404,1920
HVT-405,1919
HVT-406,1924
HVT-407,1928
HVT-408,
HVT-409,1924
HVT-410,1930
HVT-411,1909
HVT-412,
HVT-413,
HVT-414,
HVT-415,1932
HVT-416,1921
HVT-417,1926
HVT-418,
HVT-419,1930
HVT-420,
HVT-421,1905
HVT-422,
HVT-423,1928
HVT-424,1921
HVT-425,
HVT-426,1925
HVT-427,1914
HVT-428,
HVT-429,1922
HVT-430,
HVT-431,
HVT-432,
HVT-433,1913
HVT-434,1920
HVT-435,1923
HVT-436,1925
HVT-437,1894
HVT-438,
HVT-439,1909
HVT-440,
HVT-441,
HVT-442,1923
HVT-443,1911
HVT-444,1922
HVT-445,
HVT-446,1924
HVT-447,1940
HVT-448,1924
HVT-449,
HVT-450,1928
HVT-451,1931
HVT-452,
HVT-453,1920
HVT-454,1928
HVT-455,1925
HVT-456,
HVT-457,1925
HVT-458,
HVT-459,
HVT-460,1914
HVT-461,
HVT-462,1928
HVT-463,
HVT-464,
HVT-465,
HVT-466,
HVT-467,1913
HVT-468,
HVT-469,
HVT-470,1925
HVT-471,
HVT-472,
HVT-473,
HVT-474,
HVT-475,1923
HVT-476,
HVT-477,
HVT-478,1919
HVT-479,1916
HVT-480,
HVT-481,
HVT-482,
HVT-483,
HVT-484,1924
HVT-485,
HVT-486,
HVT-487,
HVT-488,1924
HVT-489,1930
HVT-490,1917
HVT-491,
HVT-492,
HVT-493,1921
HVT-494,1930
HVT-495,1929
HVT-496,
HVT-497,
HVT-498,
HVT-499,
HVT-500,1923
HVT-501,1928
HVT-502,1918
HVT-503,
HVT-504,
HVT-505,
HVT-506,
HVT-507,1917
HVT-508,1923
HVT-509,1916
HVT-510,1923
HVT-511,1912
HVT-512,1924
HVT-513,
HVT-514,
HVT-515,
HVT-516,1940
HVT-517,
HVT-518,
HVT-519,1920
HVT-520,
HVT-521,1917
HVT-522,
HVT-523,
HVT-524,
HVT-525,
HVT-526,
HVT-527,1935
HVT-528,1927
HVT-529,1910
HVT-530,
HVT-531,1943
HVT-532,1916
HVT-533,1924
HVT-534,1902
HVT-535,1915
HVT-536,1922
HVT-537,
HVT-538,1919
HVT-539,1907
HVT-540,1920
HVT-541,1915
HVT-542,1938
HVT-543,1938
HVT-544,1938
HVT-545,1913
HVT-546,1917
HVT-547,1923
HVT-548,1924
HVT-549,1929
HVT-550,
HVT-551,1919
HVT-552,1938
HVT-553,1928
HVT-554,1923
HVT-555,
HVT-556,
HVT-558,1906
HVT-559,1927
HVT-560,1923
HVT-561,1921
HVT-562,
HVT-563,1922
HVT-564,1929
HVT-565,1925
HVT-566,1923
HVT-567,1926
HVT-568,1916
HVT-569,1915
HVT-570,
HVT-571,1905
HVT-572,1912
HVT-573,1906
HVT-574,1908
HVT-575,1912
HVT-576,1928
HVT-577,1920
HVT-578,1924
HVT-579,1925
HVT-580,1915
HVT-581,1921
HVT-582,1913
HVT-583,1910
HVT-584,1927
HVT-585,1906
HVT-586,1908
HVT-587,1922
HVT-588,
HVT-589,1921
HVT-590,
HVT-591,1934
HVT-592,1920
HVT-593,1937
HVT-594,1933
HVT-595,
HVT-596,1907
HVT-597,1934
HVT-598,1919
HVT-599,1929
HVT-600,1910
HVT-601,1912
HVT-602,1910
HVT-603,
HVT-604,
HVT-605,
HVT-606,1896
HVT-607,
HVT-608,
HVT-609,1913
HVT-611,
HVT-612,1911
HVT-613,1923
HVT-614,1913
HVT-615,1924
HVT-616,1925
HVT-617,1923
HVT-618,1933
HVT-619,1914
HVT-620,1913
HVT-621,1909
HVT-622,1924
HVT-623,1931
HVT-624,1910
HVT-625,1908
HVT-626,1928
HVT-627,1916
HVT-628,1919
HVT-629,1926
HVT-630,1906
HVT-631,1922
HVT-632,1923
HVT-633,1924
HVT-634,1920
HVT-635,1922
HVT-636,1929
HVT-637,1930
HVT-638,1924
HVT-639,1908
HVT-640,1927
HVT-641,1933
HVT-642,1920
HVT-643,1928
HVT-644,
HVT-645,1917
HVT-646,1927
HVT-647,1924
HVT-648,1904
HVT-649,1926
HVT-650,
HVT-651,1919
HVT-652,
HVT-653,
HVT-654,1913
HVT-655,1921
HVT-656,1954
HVT-657,1921
HVT-658,1935
HVT-659,1925
HVT-660,1931
HVT-661,1920
HVT-662,1917
HVT-663,1928
HVT-664,1909
HVT-665,1926
HVT-666,1926
HVT-667,1927
HVT-668,1927
HVT-669,1920
HVT-670,1923
HVT-671,1925
HVT-672,1927
HVT-673,1925
HVT-674,1927
HVT-675,1926
HVT-676,1915
HVT-677,1918
HVT-678,1925
HVT-679,1911
HVT-680,1929
HVT-681,1917
HVT-682,1915
HVT-683,
HVT-684,1938
HVT-685,1910
HVT-686,1922
HVT-687,1925
HVT-688,1921
HVT-689,1926
HVT-690,1919
HVT-691,1913
HVT-692,1920
HVT-693,1910
HVT-694,1929
HVT-695,1904
HVT-696,1915
HVT-697,1919
HVT-698,1931
HVT-699,1910
HVT-700,1926
HVT-701,1919
HVT-702,1928
HVT-703,
HVT-704,1920
HVT-705,1924
HVT-706,1929
HVT-707,1923
HVT-708,1927
HVT-709,1900
HVT-710,1924
HVT-711,1925
HVT-712,1925
HVT-713,1924
HVT-714,1927
HVT-715,1922
HVT-717,1922
HVT-718,
HVT-719,1938
HVT-720,
HVT-721,1907
HVT-722,
HVT-723,1915
HVT-724,
HVT-725,1924
HVT-726,
HVT-727,
HVT-728,1921
HVT-729,1924
HVT-730,
HVT-731,
HVT-732,
HVT-733,1917
HVT-734,1928
HVT-735,1920
HVT-736,1918
HVT-737,1922
HVT-738,
HVT-747,1912
HVT-748,1924
HVT-749,
HVT-750,1913
HVT-751,1924
HVT-752,1926
HVT-753,1930
HVT-754,1920
HVT-755,1924
HVT-756,1916
HVT-757,
HVT-758,1919
HVT-759,1917
HVT-760,1918
HVT-761,
HVT-762,1927
HVT-763,1907
HVT-764,1911
HVT-765,1923
HVT-766,1926
HVT-767,1938
HVT-768,1918
HVT-769,1892
HVT-770,1930
HVT-771,1928
HVT-772,1920
HVT-773,1925
HVT-774,1908
HVT-775,1940
HVT-776,1926
HVT-777,1909
HVT-778,1920
HVT-779,1911
HVT-780,1925
HVT-781,1922
HVT-782,1925
HVT-783,1912
HVT-784,1923
HVT-785,1924
HVT-786,1911
HVT-787,1931
HVT-788,1925
HVT-789,1921
HVT-790,1928
HVT-791,1915
HVT-792,1913
HVT-793,
HVT-794,1904
HVT-795,1908
HVT-796,1922
HVT-797,1918
HVT-798,1926
HVT-799,1927
HVT-800,
HVT-801,1915
HVT-802,1910
HVT-803,1932
HVT-804,1928
HVT-805,
HVT-806,1909
HVT-807,1922
HVT-808,1914
HVT-809,
HVT-810,1924
HVT-811,1919
HVT-812,
HVT-813,1926
HVT-814,1920
HVT-815,1918
HVT-816,1922
HVT-817,1911
HVT-818,
HVT-819,1922
HVT-820,1921
HVT-821,
HVT-822,
HVT-823,
HVT-824,1920
HVT-825,1922
HVT-826,1921
HVT-827,1923
HVT-828,1925
HVT-829,1915
HVT-830,1940
HVT-831,1919
HVT-832,1905
HVT-833,1929
HVT-834,1914
HVT-835,1927
HVT-836,1909
HVT-837,1910
HVT-838,1936
HVT-839,1922
HVT-840,1922
HVT-841,1921
HVT-842,1922
HVT-843,1928
HVT-844,1927
HVT-845,1925
HVT-846,1915
HVT-847,1921
HVT-848,1910
HVT-849,1930
HVT-850,1926
HVT-851,1933
HVT-852,1925
HVT-853,
HVT-854,1907
HVT-855,1916
HVT-856,1910
HVT-857,1918
HVT-858,1921
HVT-860,
HVT-861,1935
HVT-862,1938
HVT-863,1916
HVT-864,1916
HVT-865,1921
HVT-866,1922
HVT-867,1910
HVT-868,1926
HVT-869,1932
HVT-871,1916
HVT-872,1930
HVT-873,
HVT-874,1930
HVT-875,1930
HVT-876,1934
HVT-877,1926
HVT-878,1929
HVT-879,1921
HVT-880,1930
HVT-881,1923
HVT-882,1927
HVT-883,1923
HVT-884,1927
HVT-885,1910
HVT-886,1914
HVT-887,1910
HVT-888,1920
HVT-889,1912
HVT-890,1924
HVT-891,1921
HVT-892,1918
HVT-893,1908
HVT-894,1923
HVT-895,1925
HVT-896,1923
HVT-897,1935
HVT-898,1912
HVT-899,1925
HVT-900,1922
HVT-901,1914
HVT-902,1908
HVT-903,1914
HVT-904,1916
HVT-905,
HVT-906,1926
HVT-907,1928
HVT-908,
HVT-909,1913
HVT-911,1924
HVT-912,
HVT-913,
HVT-914,1929
HVT-915,1922
HVT-916,1903
HVT-917,1925
HVT-918,1929
HVT-919,1925
HVT-920,1921
HVT-921,1915
HVT-922,1920
HVT-923,1927
HVT-924,1922
HVT-925,1911
HVT-926,1915
HVT-927,1915
HVT-928,1916
HVT-929,1922
HVT-930,1913
HVT-931,1923
HVT-932,1923
HVT-933,1937
HVT-934,1937
HVT-935,1926
HVT-936,1905
HVT-937,1912
HVT-938,1927
HVT-939,
HVT-940,1910
HVT-941,1910
HVT-942,1923
HVT-943,1909
HVT-944,1911
HVT-945,1925
HVT-946,1924
HVT-947,1924
HVT-948,1927
HVT-949,1920
HVT-950,1913
HVT-951,1935
HVT-952,1923
HVT-953,1925
HVT-954,1905
HVT-955,1919
HVT-956,1924
HVT-957,1913
HVT-958,1924
HVT-959,1918
HVT-960,1912
HVT-961,
HVT-962,1924
HVT-963,1916
HVT-964,1937
HVT-965,1930
HVT-966,1924
HVT-967,1915
HVT-968,1928
HVT-969,1939
HVT-970,1923
HVT-971,1923
HVT-972,1926
HVT-973,1925
HVT-974,1920
HVT-975,1922
HVT-976,1932
HVT-977,1923
HVT-978,
HVT-979,1921
HVT-980,1923
HVT-981,1918
HVT-982,1916
HVT-983,1930
HVT-984,1917
HVT-985,1929
HVT-986,1921
HVT-987,1916
HVT-988,1922
HVT-989,1914
HVT-990,1920
HVT-991,
HVT-992,1908
HVT-993,1924
HVT-994,1901
HVT-995,1913
HVT-996,1923
HVT-997,1917
HVT-998,1920
HVT-999,1920
HVT-1000,1914
HVT-1001,1923
HVT-1002,
HVT-1003,1919
HVT-1004,1919
HVT-1005,1932
HVT-1006,1926
HVT-1007,1914
HVT-1008,1941
HVT-1009,
HVT-1010,
HVT-1011,1929
HVT-1012,1925
HVT-1013,1923
HVT-1014,1929
HVT-1015,1929
HVT-1016,1924
HVT-1017,1922
HVT-1018,
HVT-1019,1912
HVT-1020,1925
HVT-1021,1921
HVT-1022,1922
HVT-1023,1922
HVT-1024,1924
HVT-1025,1924
HVT-1026,1919
HVT-1027,
HVT-1028,1936
HVT-1029,1922
HVT-1030,1915
HVT-1031,
HVT-1032,1924
HVT-1033,1917
HVT-1034,1920
HVT-1035,1927
HVT-1036,1922
HVT-1037,1925
HVT-1038,1928
HVT-1039,1921
HVT-1040,1927
HVT-1041,1925
HVT-1042,1932
HVT-1043,1928
HVT-1044,1913
HVT-1045,1929
HVT-1046,1915
HVT-1047,1925
HVT-1048,1928
HVT-1049,1925
HVT-1050,1921
HVT-1051,1920
HVT-1052,1929
HVT-1053,1929
HVT-1055,
HVT-1056,1927
HVT-1057,1922
HVT-1058,1926
HVT-1059,1917
HVT-1060,1923
HVT-1061,1931
HVT-1062,1921
HVT-1063,
HVT-1064,1925
HVT-1065,1926
HVT-1066,1928
HVT-1067,1925
HVT-1068,1911
HVT-1069,1910
HVT-1070,1928
HVT-1071,
HVT-1072,1922
HVT-1073,1913
HVT-1074,1914
HVT-1075,1928
HVT-1076,
HVT-1077,
HVT-1078,
HVT-1079,1925
HVT-1080,
HVT-1081,
HVT-1082,1922
HVT-1083,
HVT-1084,1935
HVT-1085,1923
HVT-1086,1922
HVT-1087,1915
HVT-1088,1924
HVT-1089,
HVT-1090,
HVT-1091,1933
HVT-1092,1930
HVT-1093,1921
HVT-1094,1924
HVT-1095,1926
HVT-1096,1923
HVT-1097,1920
HVT-1098,1917
HVT-1099,1917
HVT-1100,1920
HVT-1101,1925
HVT-1102,1909
HVT-1103,1930
HVT-1104,1932
HVT-1105,1926
HVT-1106,1914
HVT-1107,1914
HVT-1108,
HVT-1109,1929
HVT-1110,1924
HVT-1111,1921
HVT-1112,1924
HVT-1113,1934
HVT-1114,1908
HVT-1115,1915
HVT-1116,1919
HVT-1117,1925
HVT-1118,1929
HVT-1119,1926
HVT-1120,1925
HVT-1121,1922
HVT-1122,1931
HVT-1123,1925
HVT-1124,1911
HVT-1125,1914
HVT-1126,1921
HVT-1127,1923
HVT-1128,1918
HVT-1129,1910
HVT-1130,1919
HVT-1131,1917
HVT-1132,
HVT-1133,1918
HVT-1134,1933
HVT-1135,
HVT-1136,1925
HVT-1137,1922
HVT-1138,1915
HVT-1139,1925
HVT-1140,1925
HVT-1141,1928
HVT-1142,1925
HVT-1143,1913
HVT-1144,1920
HVT-1146,1925
HVT-1147,1903
HVT-1148,1911
HVT-1149,1927
HVT-1150,1931
HVT-1151,1920
HVT-1152,1911
HVT-1153,1928
HVT-1154,1928
HVT-1155,1919
HVT-1156,1925
HVT-1157,1925
HVT-1158,1933
HVT-1159,1916
HVT-1160,1922
HVT-1161,1925
HVT-1162,1923
HVT-1163,1924
HVT-1164,1917
HVT-1165,1919
HVT-1166,1932
HVT-1167,1928
HVT-1168,1925
HVT-1169,1924
HVT-1170,1931
HVT-1171,1926
HVT-1172,1915
HVT-1173,1925
HVT-1174,1925
HVT-1175,1928
HVT-1176,1925
HVT-1177,1926
HVT-1178,1922
HVT-1179,1924
HVT-1180,1928
HVT-1181,1923
HVT-1182,1924
HVT-1183,1924
HVT-1184,1931
HVT-1185,1918
HVT-1186,1925
HVT-1187,1920
HVT-1188,1924
HVT-1189,1921
HVT-1190,1915
HVT-1191,1914
HVT-1192,1919
HVT-1193,1922
HVT-1194,1917
HVT-1195,1916
HVT-1196,1914
HVT-1197,1921
HVT-1198,1912
HVT-1199,1923
HVT-1200,1922
HVT-1201,1923
HVT-1202,1904
HVT-1203,1921
HVT-1204,1920
HVT-1205,1930
HVT-1206,1913
HVT-1207,1925
HVT-1208,1915
HVT-1209,1925
HVT-1210,1905
HVT-1211,1928
HVT-1212,1931
HVT-1213,1934
HVT-1214,1922
HVT-1215,1920
HVT-1216,1929
HVT-1217,1921
HVT-1218,1912
HVT-1219,
HVT-1220,1922
HVT-1221,1928
HVT-1222,1930
HVT-1223,1920
HVT-1224,1912
HVT-1225,
HVT-1226,1926
HVT-1227,1918
HVT-1228,1912
HVT-1229,1915
HVT-1230,1918
HVT-1231,1929
HVT-1232,1918
HVT-1233,1919
HVT-1234,1923
HVT-1235,1911
HVT-1236,1916
HVT-1237,1925
HVT-1238,1905
HVT-1239,1919
HVT-1240,1929
HVT-1241,1925
HVT-1242,1918
HVT-1243,1918
HVT-1244,1930
HVT-1245,1921
HVT-1246,1922
HVT-1247,1922
HVT-1248,
HVT-1249,1937
HVT-1250,1919
HVT-1251,1922
HVT-1252,1924
HVT-1253,
HVT-1254,1924
HVT-1255,1922
HVT-1256,1937
HVT-1257,1926
HVT-1258,1922
HVT-1259,1930
HVT-1260,1927
HVT-1261,1928
HVT-1262,1922
HVT-1263,1929
HVT-1264,1929
HVT-1265,1932
HVT-1266,1924
HVT-1267,1927
HVT-1268,1926
HVT-1269,1914
HVT-1270,
HVT-1271,1936
HVT-1272,1920
HVT-1273,1937
HVT-1274,1919
HVT-1275,1918
HVT-1276,1922
HVT-1277,1917
HVT-1278,1929
HVT-1279,1928
HVT-1280,1930
HVT-1281,1924
HVT-1282,1912
HVT-1283,1922
HVT-1284,1921
HVT-1285,1921
HVT-1286,1925
HVT-1287,1917
HVT-1288,1927
HVT-1289,1898
HVT-1290,1923
HVT-1291,1920
HVT-1292,1921
HVT-1293,1905
HVT-1294,1911
HVT-1295,1920
HVT-1296,1928
HVT-1297,1926
HVT-1298,1922
HVT-1299,1920
HVT-1300,1924
HVT-1301,1919
HVT-1302,1933
HVT-1303,1929
HVT-1304,1924
HVT-1305,1914
HVT-1306,
HVT-1307,1931
HVT-1308,1931
HVT-1309,1928
HVT-1310,1921
HVT-1312,1929
HVT-1313,1906
HVT-1315,1937
HVT-1316,1915
HVT-1317,1928
HVT-1318,1906
HVT-1319,1924
HVT-1320,1915
HVT-1321,1922
HVT-1322,1919
HVT-1323,
HVT-1324,1927
HVT-1325,1929
HVT-1326,
HVT-1327,1919
HVT-1328,1938
HVT-1329,1933
HVT-1330,1925
HVT-1331,1928
HVT-1332,1920
HVT-1333,1937
HVT-1334,1912
HVT-1335,1929
HVT-1336,1923
HVT-1337,1923
HVT-1338,1919
HVT-1339,1921
HVT-1340,1928
HVT-1341,1927
HVT-1342,1922
HVT-1343,1909
HVT-1344,1920
HVT-1345,1926
HVT-1346,1921
HVT-1347,1904
HVT-1348,1919
HVT-1349,1928
HVT-1350,1924
HVT-1351,1924
HVT-1352,1923
HVT-1353,1918
HVT-1354,1931
HVT-1355,1914
HVT-1356,1922
HVT-1357,1922
HVT-1358,1920
HVT-1359,1928
HVT-1360,1919
HVT-1361,1925
HVT-1362,
HVT-1363,
HVT-1364,1927
HVT-1365,1931
HVT-1366,1922
HVT-1367,
HVT-1368,1915
HVT-1369,1928
HVT-1370,1926
HVT-1371,1924
HVT-1372,1913
HVT-1373,1927
HVT-1374,1926
HVT-1375,1927
HVT-1376,1922
HVT-1377,1929
HVT-1378,1922
HVT-1379,1926
HVT-1380,1924
HVT-1381,1922
HVT-1382,1926
HVT-1383,1922
HVT-1384,1924
HVT-1385,1919
HVT-1386,1921
HVT-1387,1929
HVT-1388,1923
HVT-1389,1921
HVT-1391,1925
HVT-1392,1925
HVT-1393,1925
HVT-1394,1925
HVT-1395,1918
HVT-1396,1910
HVT-1397,1917
HVT-1398,1922
HVT-1399,1914
HVT-1400,1918
HVT-1401,1930
HVT-1402,1913
HVT-1403,1927
HVT-1404,1924
HVT-1405,1926
HVT-1406,1921
HVT-1407,1914
HVT-1408,1896
HVT-1409,1930
HVT-1410,1925
HVT-1411,1922
HVT-1412,1927
HVT-1413,1925
HVT-1414,1924
HVT-1415,1923
HVT-1416,1923
HVT-1417,1923
HVT-1418,1920
HVT-1419,1916
HVT-1420,1924
HVT-1421,1924
HVT-1422,1914
HVT-1423,1919
HVT-1424,1907
HVT-1425,
HVT-1426,1925
HVT-1427,1921
HVT-1428,1918
HVT-1429,1914
HVT-1430,1928
HVT-1431,1926
HVT-1432,1926
HVT-1433,1911
HVT-1434,1934
HVT-1435,1921
HVT-1436,1904
HVT-1437,1908
HVT-1438,1928
HVT-1439,1924
HVT-1440,
HVT-1441,1929
HVT-1442,1922
HVT-1443,1922
HVT-1444,1918
HVT-1445,1934
HVT-1446,1912
HVT-1447,1919
HVT-1448,1926
HVT-1449,1924
HVT-1450,1925
HVT-1451,1908
HVT-1452,1922
HVT-1453,1927
HVT-1454,1925
HVT-1455,1923
HVT-1456,1925
HVT-1457,1914
HVT-1458,1915
HVT-1459,1919
HVT-1460,
HVT-1461,1926
HVT-1462,1925
HVT-1463,1920
HVT-1464,1924
HVT-1465,1920
HVT-1466,1915
HVT-1467,1914
HVT-1468,1928
HVT-1469,1920
HVT-1470,1922
HVT-1471,1931
HVT-1472,1924
HVT-1473,1922
HVT-1474,
HVT-1475,1927
HVT-1477,1929
HVT-1478,1923
HVT-1479,1911
HVT-1480,1909
HVT-1481,1923
HVT-1482,1922
HVT-1483,1919
HVT-1485,1917
HVT-1486,1916
HVT-1487,1932
HVT-1488,1933
HVT-1489,1931
HVT-1490,1937
HVT-1491,1920
HVT-1492,1921
HVT-1493,1928
HVT-1494,1923
HVT-1495,1912
HVT-1496,1927
HVT-1497,1922
HVT-1498,1925
HVT-1499,1915
HVT-1500,1917
HVT-1501,1921
HVT-1502,1923
HVT-1503,1923
HVT-1504,
HVT-1505,1928
HVT-1506,1908
HVT-1507,
HVT-1508,1912
HVT-1510,1927
HVT-1511,1923
HVT-1512,1904
HVT-1513,1924
HVT-1514,1909
HVT-1515,1930
HVT-1516,1913
HVT-1517,1926
HVT-1518,1927
HVT-1519,1924
HVT-1520,1923
HVT-1521,1901
HVT-1523,1930
HVT-1524,1903
HVT-1525,1918
HVT-1526,1924
HVT-1527,1931
HVT-1528,1913
HVT-1529,1919
HVT-1530,1915
HVT-1531,1925
HVT-1532,1926
HVT-1533,1925
HVT-1534,1921
HVT-1535,1923
HVT-1536,1925
HVT-1537,1938
HVT-1538,1926
HVT-1539,1920
HVT-1540,
HVT-1541,1913
HVT-1542,1930
HVT-1543,1926
HVT-1544,1920
HVT-1545,1929
HVT-1546,1921
HVT-1547,1921
HVT-1548,1922
HVT-1549,1925
HVT-1550,1929
HVT-1551,1927
HVT-1552,1918
HVT-1553,1922
HVT-1554,1935
HVT-1555,1913
HVT-1556,1919
HVT-1557,1919
HVT-1558,1917
HVT-1559,1926
HVT-1560,
HVT-1561,1926
HVT-1562,1919
HVT-1563,1921
HVT-1564,1924
HVT-1565,1925
HVT-1566,1925
HVT-1567,1930
HVT-1568,1912
HVT-1569,1903
HVT-1570,1915
HVT-1571,1924
HVT-1572,1911
HVT-1573,1917
HVT-1574,1924
HVT-1575,1928
HVT-1576,1927
HVT-1577,1927
HVT-1578,1941
HVT-1579,1926
HVT-1580,1917
HVT-1581,1921
HVT-1582,1920
HVT-1583,1909
HVT-1584,1925
HVT-1585,1922
HVT-1586,1929
HVT-1587,1927
HVT-1588,1924
HVT-1589,1911
HVT-1590,
HVT-1591,1921
HVT-1592,1926
HVT-1593,1930
HVT-1594,1923
HVT-1595,1924
HVT-1596,1911
HVT-1597,1919
HVT-1598,1933
HVT-1599,1922
HVT-1600,1920
HVT-1601,1914
HVT-1602,1921
HVT-1603,1914
HVT-1604,1910
HVT-1605,1941
HVT-1606,
HVT-1607,1914
HVT-1608,1932
HVT-1609,1925
HVT-1610,1934
HVT-1611,1921
HVT-1612,1922
HVT-1613,1915
HVT-1614,1921
HVT-1615,1926
HVT-1616,1923
HVT-1617,
HVT-1618,1920
HVT-1619,
HVT-1620,1914
HVT-1621,1935
HVT-1622,1919
HVT-1623,1918
HVT-1624,1912
HVT-1625,1927
HVT-1626,1925
HVT-1627,1914
HVT-1628,1927
HVT-1629,1922
HVT-1630,1914
HVT-1631,
HVT-1632,1934
HVT-1633,1920
HVT-1634,1939
HVT-1635,1911
HVT-1636,1922
HVT-1637,1896
HVT-1638,1923
HVT-1639,1924
HVT-1640,1917
HVT-1641,1913
HVT-1642,1910
HVT-1643,1918
HVT-1644,1935
HVT-1645,1925
HVT-1646,1935
HVT-1647,1925
HVT-1648,1930
HVT-1649,1930
HVT-1650,1928
HVT-1651,1917
HVT-1652,1929
HVT-1653,1927
HVT-1654,1935
HVT-1655,1927
HVT-1656,1926
HVT-1657,1935
HVT-1658,1924
HVT-1659,1921
HVT-1660,1925
HVT-1661,1935
HVT-1662,1909
HVT-1663,1921
HVT-1664,1914
HVT-1665,1922
HVT-1666,1915
HVT-1667,1938
HVT-1668,1917
HVT-1669,1909
HVT-1670,1921
HVT-1671,1938
HVT-1672,1911
HVT-1673,1933
HVT-1674,1922
HVT-1675,1910
HVT-1676,1922
HVT-1677,1929
HVT-1678,1923
HVT-1679,1932
HVT-1680,1920
HVT-1681,1912
HVT-1682,1919
HVT-1683,1920
HVT-1684,1941
HVT-1685,1925
HVT-1686,1927
HVT-1687,1921
HVT-1688,1918
HVT-1689,1922
HVT-1690,1935
HVT-1691,1929
HVT-1692,1925
HVT-1693,1922
HVT-1694,1926
HVT-1695,1933
HVT-1696,1923
HVT-1697,1925
HVT-1698,1919
HVT-1699,1926
HVT-1700,1937
HVT-1701,1921
HVT-1702,1908
HVT-1703,1923
HVT-1704,1928
HVT-1705,1925
HVT-1706,1909
HVT-1707,1924
HVT-1708,
HVT-1709,1919
HVT-1710,1920
HVT-1711,1924
HVT-1712,1922
HVT-1713,1934
HVT-1714,
HVT-1715,1917
HVT-1716,1912
HVT-1717,1915
HVT-1718,1917
HVT-1719,1912
HVT-1720,1923
HVT-1721,1922
HVT-1722,1926
HVT-1723,1929
HVT-1724,1912
HVT-1725,1913
HVT-1726,1915
HVT-1727,1927
HVT-1728,1922
HVT-1729,1926
HVT-1730,1910
HVT-1731,1924
HVT-1732,1934
HVT-1733,1937
HVT-1734,1925
HVT-1735,1925
HVT-1736,1924
HVT-1737,1912
HVT-1738,1922
HVT-1739,1921
HVT-1740,1927
HVT-1741,1927
HVT-1742,1917
HVT-1743,1932
HVT-1744,1927
HVT-1745,1925
HVT-1746,1927
HVT-1747,1931
HVT-1748,1934
HVT-1749,1931
HVT-1750,1926
HVT-1751,1924
HVT-1752,1923
HVT-1753,1921
HVT-1754,1924
HVT-1755,1909
HVT-1756,1925
HVT-1757,1925
HVT-1758,1912
HVT-1759,1926
HVT-1760,1924
HVT-1761,1924
HVT-1762,1926
HVT-1763,1922
HVT-1764,1925
HVT-1765,1925
HVT-1767,1932
HVT-1768,1908
HVT-1769,1925
HVT-1770,1906
HVT-1771,1925
HVT-1772,1928
HVT-1773,1935
HVT-1774,
HVT-1775,
HVT-1776,1912
HVT-1777,1908
HVT-1778,1928
HVT-1779,1928
HVT-1780,1934
HVT-1781,1917
HVT-1782,1924
HVT-1783,1927
HVT-1784,1920
HVT-1785,1912
HVT-1786,1924
HVT-1787,1922
HVT-1788,1924
HVT-1789,1931
HVT-1790,1939
HVT-1791,1934
HVT-1792,1935
HVT-1793,1907
HVT-1794,1939
HVT-1795,1929
HVT-1796,1928
HVT-1797,1934
HVT-1798,1925
HVT-1799,1932
HVT-1800,1936
HVT-1801,
HVT-1802,1921
HVT-1803,1922
HVT-1804,1928
HVT-1805,
HVT-1806,1929
HVT-1807,1925
HVT-1808,1921
HVT-1809,1923
HVT-1810,
HVT-1811,
HVT-1812,1924
HVT-1813,
HVT-1814,
HVT-1815,1934
HVT-1816,1921
HVT-1817,1917
HVT-1818,1920
HVT-1819,1914
HVT-1820,
HVT-1821,
HVT-1822,
HVT-1823,1928
HVT-1824,1921
HVT-1825,1927
HVT-1826,
HVT-1827,
HVT-1828,
HVT-1829,1910
HVT-1830,1935
HVT-1831,1927
HVT-1832,1921
HVT-1833,
HVT-1834,1922
HVT-1835,
HVT-1836,1912
HVT-1837,1918
HVT-1838,1923
HVT-1839,
HVT-1840,1920
HVT-1841,1924
HVT-1842,
HVT-1843,1931
HVT-1844,1921
HVT-1845,1917
HVT-1846,1928
HVT-1847,1926
HVT-1848,1924
HVT-1849,1924
HVT-1850,1925
HVT-1851,1926
HVT-1852,1939
HVT-1853,1933
HVT-1854,1937
HVT-1855,1933
HVT-1856,1937
HVT-1857,1935
HVT-1858,1928
HVT-1859,1922
HVT-1860,1923
HVT-1861,1938
HVT-1862,1935
HVT-1863,1904
HVT-1864,1937
HVT-1865,1925
HVT-1866,1922
HVT-1867,1908
HVT-1868,1941
HVT-1869,1925
HVT-1870,1931
HVT-1872,1923
HVT-1873,1936
HVT-1874,1924
HVT-1875,1917
HVT-1876,1920
HVT-1877,1908
HVT-1878,1922
HVT-1879,1932
HVT-1880,1922
HVT-1881,1938
HVT-1882,1914
HVT-1883,1928
HVT-1884,1920
HVT-1885,1913
HVT-1886,1907
HVT-1887,1929
HVT-1888,1923
HVT-1889,1921
HVT-1890,1921
HVT-1891,1923
HVT-1892,1926
HVT-1893,1924
HVT-1894,1927
HVT-1895,1908
HVT-1896,1914
HVT-1897,1922
HVT-1898,1924
HVT-1899,1923
HVT-1900,1920
HVT-1901,1921
HVT-1902,1915
HVT-1903,1927
HVT-1904,1913
HVT-1905,1929
HVT-1907,1938
HVT-1908,1929
HVT-1909,1924
HVT-1910,1918
HVT-1911,1910
HVT-1912,1908
HVT-1913,1918
HVT-1914,1915
HVT-1915,1923
HVT-1916,1918
HVT-1917,1917
HVT-1918,1921
HVT-1919,1926
HVT-1920,1914
HVT-1921,1923
HVT-1922,1927
HVT-1923,1924
HVT-1924,1925
HVT-1925,1930
HVT-1926,1924
HVT-1927,1921
HVT-1928,1922
HVT-1929,1917
HVT-1930,
HVT-1931,1919
HVT-1932,1923
HVT-1933,1930
HVT-1934,
HVT-1935,1924
HVT-1936,1918
HVT-1937,1921
HVT-1938,1920
HVT-1939,1922
HVT-1940,1926
HVT-1941,1923
HVT-1942,1922
HVT-1943,1923
HVT-1944,1926
HVT-1945,1923
HVT-1946,1925
HVT-1947,1912
HVT-1948,
HVT-1949,1915
HVT-1950,1905
HVT-1951,1926
HVT-1952,1924
HVT-1953,1933
HVT-1954,1925
HVT-1955,1928
HVT-1956,1913
HVT-1957,1916
HVT-1958,1941
HVT-1959,1927
HVT-1960,1920
HVT-1961,1932
HVT-1962,1931
HVT-1963,1922
HVT-1964,1936
HVT-1965,1922
HVT-1966,1922
HVT-1967,1923
HVT-1968,1925
HVT-1969,1932
HVT-1970,1924
HVT-1971,1944
HVT-1972,1924
HVT-1973,1924
HVT-1974,1925
HVT-1975,1916
HVT-1976,1908
HVT-1977,1920
HVT-1978,1920
HVT-1979,1923
HVT-1980,1921
HVT-1981,1913
HVT-1982,1931
HVT-1983,1912
HVT-1984,1926
HVT-1985,1923
HVT-1986,1927
HVT-1987,1929
HVT-1988,1923
HVT-1989,1929
HVT-1990,1922
HVT-1991,1933
HVT-1992,1900
HVT-1993,1934
HVT-1994,1919
HVT-1995,1924
HVT-1996,1934
HVT-1997,1930
HVT-1998,
HVT-1999,1917
HVT-2000,1930
HVT-2001,1924
HVT-2002,1921
HVT-2003,1916
HVT-2004,1918
HVT-2005,1925
HVT-2006,1931
HVT-2007,1917
HVT-2008,1927
HVT-2009,1929
HVT-2010,1914
HVT-2011,1930
HVT-2012,1919
HVT-2013,1924
HVT-2014,1930
HVT-2015,1913
HVT-2016,1915
HVT-2017,1926
HVT-2018,1921
HVT-2019,1923
HVT-2020,1923
HVT-2021,1920
HVT-2022,1938
HVT-2023,1927
HVT-2024,1915
HVT-2025,1927
HVT-2026,1920
HVT-2027,1915
HVT-2028,
HVT-2029,1929
HVT-2030,1932
HVT-2031,1916
HVT-2032,1921
HVT-2033,1908
HVT-2034,1925
HVT-2035,1914
HVT-2036,1925
HVT-2037,1922
HVT-2038,
HVT-2039,1925
HVT-2040,1920
HVT-2041,1920
HVT-2042,1930
HVT-2043,1938
HVT-2044,1907
HVT-2045,1922
HVT-2046,1919
HVT-2047,1925
HVT-2048,1924
HVT-2049,1921
HVT-2051,1924
HVT-2052,1923
HVT-2053,1924
HVT-2054,1922
HVT-2055,1926
HVT-2056,1921
HVT-2057,1903
HVT-2058,1913
HVT-2059,1920
HVT-2060,1925
HVT-2061,1930
HVT-2062,1929
HVT-2063,1920
HVT-2064,1919
HVT-2065,1923
HVT-2066,1920
HVT-2067,1928
HVT-2068,1934
HVT-2069,1923
HVT-2070,1913
HVT-2071,1922
HVT-2072,1914
HVT-2073,1922
HVT-2074,1927
HVT-2075,1911
HVT-2076,1917
HVT-2077,1925
HVT-2078,1919
HVT-2079,1925
HVT-2080,1914
HVT-2081,1927
HVT-2082,1925
HVT-2083,1924
HVT-2084,1922
HVT-2085,1916
HVT-2086,1928
HVT-2087,1931
HVT-2088,1917
HVT-2089,
HVT-2090,1928
HVT-2091,1923
HVT-2092,1914
HVT-2093,1921
HVT-2094,1927
HVT-2095,1918
HVT-2096,1925
HVT-2097,1921
HVT-2098,1915
HVT-2099,1908
HVT-2100,1926
HVT-2101,1922
HVT-2102,1923
HVT-2103,1925
HVT-2104,1932
HVT-2105,1926
HVT-2106,1926
HVT-2107,1929
HVT-2108,1929
HVT-2109,1927
HVT-2110,1927
HVT-2111,1928
HVT-2112,1927
HVT-2113,1924
HVT-2114,1925
HVT-2115,1928
HVT-2116,1921
HVT-2117,1926
HVT-2118,1916
HVT-2119,1910
HVT-2120,1926
HVT-2121,1929
HVT-2122,1920
HVT-2123,1929
HVT-2124,1930
HVT-2125,1927
HVT-2126,1929
HVT-2127,1912
HVT-2128,1922
HVT-2130,1922
HVT-2131,1926
HVT-2132,1927
HVT-2133,1927
HVT-2134,1930
HVT-2135,1924
HVT-2136,1929
HVT-2137,1925
HVT-2138,1913
HVT-2139,1930
HVT-2140,1923
HVT-2141,1925
HVT-2142,1900
HVT-2143,1914
HVT-2144,1927
HVT-2145,1929
HVT-2146,1915
HVT-2147,1916
HVT-2148,1930
HVT-2149,1917
HVT-2150,1921
HVT-2151,1909
HVT-2152,
HVT-2153,1923
HVT-2154,1927
HVT-2155,1913
HVT-2156,1924
HVT-2157,1925
HVT-2158,1921
HVT-2159,1929
HVT-2160,1928
HVT-2161,1926
HVT-2162,1925
HVT-2163,1923
HVT-2164,
HVT-2165,1922
HVT-2166,
HVT-2167,
HVT-2168,1927
HVT-2169,1922
HVT-2170,1933
HVT-2171,1915
HVT-2172,1934
HVT-2173,1926
HVT-2174,1922
HVT-2175,1924
HVT-2176,1919
HVT-2177,1915
HVT-2178,1931
HVT-2179,1919
HVT-2180,1926
HVT-2181,1922
HVT-2182,1928
HVT-2183,1927
HVT-2184,1929
HVT-2185,1935
HVT-2186,1923
HVT-2187,1923
HVT-2188,1923
HVT-2189,1924
HVT-2190,1909
HVT-2191,1923
HVT-2192,1916
HVT-2193,1915
HVT-2194,1928
HVT-2195,
HVT-2196,1920
HVT-2197,
HVT-2198,
HVT-2199,1918
HVT-2200,1921
HVT-2201,
HVT-2202,
HVT-2203,
HVT-2204,
HVT-2205,1923
HVT-2206,1913
HVT-2207,1925
HVT-2208,1926
HVT-2209,
HVT-2210,1925
HVT-2211,
HVT-2212,
HVT-2213,
HVT-2214,
HVT-2215,1915
HVT-2216,1930
HVT-2217,1923
HVT-2218,
HVT-2219,
HVT-2221,1926
HVT-2222,1925
HVT-2223,1933
HVT-2224,1927
HVT-2225,1922
HVT-2226,1932
HVT-2227,1910
HVT-2228,1939
HVT-2229,1919
HVT-2230,1928
HVT-2231,1928
HVT-2232,1928
HVT-2233,1924
HVT-2234,1924
HVT-2235,1929
HVT-2236,1925
HVT-2237,1916
HVT-2238,
HVT-2239,
HVT-2240,1934
HVT-2241,1925
HVT-2242,1931
HVT-2243,1922
HVT-2244,1939
HVT-2245,1935
HVT-2246,1927
HVT-2247,1931
HVT-2248,1933
HVT-2249,1938
HVT-2250,1929
HVT-2251,1921
HVT-2252,1923
HVT-2253,1927
HVT-2254,1922
HVT-2255,1921
HVT-2256,1932
HVT-2257,1926
HVT-2258,1925
HVT-2259,1914
HVT-2260,1929
HVT-2261,1921
HVT-2262,1923
HVT-2263,1916
HVT-2264,
HVT-2265,1916
HVT-2266,1922
HVT-2267,1935
HVT-2268,1921
HVT-2269,1920
HVT-2270,1914
HVT-2271,1926
HVT-2272,1925
HVT-2273,1924
HVT-2274,1923
HVT-2275,1930
HVT-2276,1928
HVT-2277,1906
HVT-2278,1925
HVT-2279,1924
HVT-2280,1924
HVT-2281,1924
HVT-2282,1934
HVT-2283,1927
HVT-2284,1928
HVT-2285,
HVT-2286,1927
HVT-2287,1918
HVT-2288,1923
HVT-2289,1915
HVT-2290,1927
HVT-2291,1912
HVT-2292,1938
HVT-2293,1933
HVT-2294,1934
HVT-2295,1931
HVT-2296,1923
HVT-2297,1924
HVT-2298,1925
HVT-2299,1924
HVT-2300,1920
HVT-2301,1911
HVT-2302,1909
HVT-2303,1933
HVT-2304,1924
HVT-2305,1924
HVT-2306,1914
HVT-2307,1934
HVT-2308,1920
HVT-2310,1926
HVT-2311,1928
HVT-2312,1926
HVT-2313,1928
HVT-2314,1936
HVT-2315,1930
HVT-2316,1921
HVT-2317,1933
HVT-2318,1930
HVT-2319,1926
HVT-2320,1923
HVT-2321,1908
HVT-2322,1935
HVT-2324,1933
HVT-2325,1919
HVT-2326,1923
HVT-2327,1922
HVT-2328,1931
HVT-2329,1934
HVT-2330,
HVT-2331,1931
HVT-2332,
HVT-2333,1927
HVT-2334,1924
HVT-2335,
HVT-2336,1937
HVT-2337,1936
HVT-2338,1925
HVT-2339,1911
HVT-2340,1928
HVT-2341,
HVT-2342,1927
HVT-2343,1930
HVT-2344,1927
HVT-2345,1925
HVT-2346,1896
HVT-2347,
HVT-2348,1914
HVT-2349,1920
HVT-2350,1920
HVT-2351,1919
HVT-2352,1927
HVT-2353,1914
HVT-2354,1920
HVT-2355,
HVT-2356,1932
HVT-2357,1926
HVT-2358,1929
HVT-2359,1929
HVT-2360,1929
HVT-2361,1928
HVT-2362,1927
HVT-2363,1929
HVT-2364,1928
HVT-2365,1929
HVT-2366,1928
HVT-2367,1926
HVT-2368,1930
HVT-2369,1926
HVT-2370,1911
HVT-2371,1929
HVT-2372,1930
HVT-2373,1926
HVT-2374,1928
HVT-2375,1927
HVT-2376,1930
HVT-2377,1927
HVT-2378,1928
HVT-2379,1925
HVT-2380,1928
HVT-2381,1930
HVT-2382,1922
HVT-2383,1927
HVT-2384,1928
HVT-2385,1929
HVT-2386,1931
HVT-2387,1933
HVT-2388,1921
HVT-2389,1929
HVT-2390,1927
MS 1322,1928
HVT-2393,1927
HVT-2394,1912
HVT-2395,1911
HVT-2396,1922
HVT-2397,
HVT-2398,1909
HVT-2399,1923
HVT-2400,
HVT-2401,1928
HVT-2402,1922
HVT-2403,1929
HVT-2404,1927
HVT-2405,1927
HVT-2406,1935
HVT-2407,1921
HVT-2408,1910
HVT-2409,
HVT-2410,1918
HVT-2411,1920
HVT-2412,1920
HVT-2413,1925
HVT-2414,1922
HVT-2415,1926
HVT-2416,1927
HVT-2417,1933
HVT-2418,1923
HVT-2419,1928
HVT-2420,1928
HVT-2421,1921
HVT-2422,
HVT-2423,1933
HVT-2424,1928
HVT-2425,1939
HVT-2426,1925
HVT-2427,1926
HVT-2428,1924
HVT-2429,1927
HVT-2430,1920
HVT-2431,1927
HVT-2432,1913
HVT-2433,1929
HVT-2434,1927
HVT-2435,1920
HVT-2436,1922
HVT-2437,1921
HVT-2438,1918
HVT-2439,1924
HVT-2440,
HVT-2441,
HVT-2442,1918
HVT-2443,1936
HVT-2444,1903
HVT-2445,1922
HVT-2446,1909
HVT-2447,1935
HVT-2448,1917
HVT-2449,1915
HVT-2450,1919
HVT-2451,1924
HVT-2452,1931
HVT-2453,1925
HVT-2454,1928
HVT-2455,1924
HVT-2456,1928
HVT-2457,1936
HVT-2458,1921
HVT-2459,1934
HVT-2460,1930
HVT-2461,1923
HVT-2462,1926
HVT-2463,1922
HVT-2464,
HVT-2465,1921
HVT-2466,
HVT-2467,1921
HVT-2468,1936
HVT-2469,1925
HVT-2470,1922
HVT-2471,1927
HVT-2472,1924
HVT-2473,1924
HVT-2474,1921
HVT-2475,1922
HVT-2476,1922
HVT-2477,1920
HVT-2478,1931
HVT-2479,1933
HVT-2480,1926
HVT-2481,1925
HVT-2482,1925
HVT-2483,1931
HVT-2484,1921
HVT-2485,1927
HVT-2486,1923
HVT-2487,1915
HVT-2488,1919
HVT-2489,1939
HVT-2490,1930
HVT-2491,1935
HVT-2492,1935
MS 1322,1931
HVT-2495,1935
HVT-2496,1936
HVT-2497,1923
HVT-2498,1931
HVT-2499,1926
HVT-2500,1919
HVT-2502,1920
HVT-2503,1926
HVT-2504,1926
HVT-2505,1925
HVT-2506,1922
HVT-2507,1932
HVT-2508,1938
HVT-2509,1923
HVT-2510,1918
HVT-2511,1928
HVT-2512,1921
HVT-2513,1928
HVT-2514,1930
HVT-2515,1936
HVT-2516,1924
HVT-2517,1931
HVT-2518,1935
HVT-2519,1929
HVT-2520,1928
HVT-2521,1933
HVT-2522,1929
HVT-2523,1919
HVT-2524,1921
HVT-2525,1918
HVT-2526,1931
HVT-2527,1936
HVT-2528,1926
HVT-2529,1923
HVT-2530,1931
HVT-2531,1922
HVT-2532,1922
HVT-2533,1924
HVT-2534,1931
HVT-2535,1912
HVT-2536,1917
HVT-2537,1928
HVT-2538,1918
HVT-2539,1938
HVT-2540,1932
HVT-2541,1931
HVT-2542,1929
HVT-2543,1935
HVT-2544,1924
HVT-2545,1938
HVT-2546,1937
HVT-2547,1928
HVT-2548,1925
HVT-2549,
HVT-2550,1920
HVT-2551,1941
HVT-2552,
HVT-2553,1931
HVT-2554,1925
HVT-2555,1916
HVT-2556,1930
HVT-2557,1926
HVT-2558,1922
HVT-2559,1924
HVT-2560,1921
HVT-2561,1920
HVT-2562,1921
HVT-2563,1927
HVT-2564,1917
HVT-2565,1928
HVT-2566,1921
HVT-2567,1925
HVT-2568,1921
HVT-2569,1927
HVT-2570,1931
HVT-2571,1922
HVT-2572,1928
HVT-2573,1932
HVT-2574,1928
HVT-2575,1918
HVT-2576,1922
HVT-2577,1921
HVT-2578,1910
HVT-2579,1916
HVT-2580,1924
HVT-2581,1914
HVT-2582,1921
HVT-2583,1929
HVT-2584,1933
HVT-2585,1926
HVT-2586,1937
HVT-2587,1906
HVT-2588,1926
HVT-2589,1927
HVT-2590,1920
HVT-2591,1913
HVT-2592,1933
HVT-2593,1928
HVT-2594,1927
HVT-2595,1930
HVT-2596,1936
HVT-2597,1937
HVT-2598,
HVT-2599,1921
HVT-2600,1927
HVT-2601,
HVT-2602,1925
HVT-2603,1931
HVT-2604,1922
HVT-2605,1920
HVT-2606,1913
HVT-2607,1921
HVT-2608,1926
HVT-2609,1929
HVT-2610,1939
HVT-2611,1922
HVT-2612,1925
HVT-2613,1922
HVT-2614,1918
HVT-2615,1925
HVT-2616,1933
HVT-2617,1922
HVT-2618,1928
HVT-2619,1916
HVT-2620,1924
HVT-2621,1921
HVT-2622,1922
HVT-2623,1922
HVT-2624,1922
HVT-2625,1920
HVT-2626,1924
HVT-2627,1934
HVT-2628,1920
HVT-2629,1929
HVT-2630,1937
HVT-2631,1922
HVT-2632,1920
HVT-2633,1919
HVT-2634,1929
HVT-2635,1932
HVT-2636,1931
HVT-2637,1925
HVT-2638,1933
HVT-2639,1929
HVT-2640,1929
HVT-2641,1910
HVT-2642,1923
HVT-2643,1924
HVT-2644,1930
HVT-2645,1919
HVT-2646,1925
HVT-2647,1925
HVT-2648,1926
HVT-2649,1921
HVT-2650,1929
HVT-2651,1911
HVT-2652,
HVT-2653,1927
HVT-2654,1924
HVT-2655,1925
HVT-2656,1919
HVT-2657,1932
HVT-2658,1912
HVT-2659,1924
HVT-2660,1919
HVT-2661,1923
HVT-2662,1937
HVT-2663,1940
HVT-2664,1937
HVT-2665,1925
HVT-2666,1917
HVT-2667,1923
HVT-2668,1935
HVT-2669,1916
HVT-2670,1923
HVT-2671,1910
HVT-2672,
HVT-2673,1923
HVT-2674,1920
HVT-2675,1914
HVT-2676,1924
HVT-2677,1922
HVT-2678,1926
HVT-2679,1924
HVT-2680,1918
HVT-2681,1922
HVT-2682,1929
HVT-2683,1920
HVT-2684,1923
HVT-2685,1928
HVT-2686,1923
HVT-2687,1935
HVT-2688,1923
HVT-2689,1923
HVT-2690,1930
HVT-2691,1912
HVT-2692,1931
HVT-2693,1909
HVT-2694,
HVT-2695,1927
HVT-2696,1930
HVT-2697,1937
HVT-2698,1933
HVT-2699,1928
HVT-2700,1919
HVT-2701,1924
HVT-2702,1925
HVT-2703,1925
HVT-2704,1925
HVT-2705,1929
HVT-2706,1925
HVT-2707,1920
HVT-2708,1907
HVT-2709,1930
HVT-2710,1925
HVT-2711,1921
HVT-2712,1924
HVT-2713,1926
HVT-2714,1929
HVT-2715,1929
HVT-2717,1924
HVT-2718,1924
HVT-2719,1928
HVT-2720,1930
HVT-2721,1923
HVT-2722,1925
HVT-2723,
HVT-2724,
HVT-2725,1936
HVT-2726,1926
HVT-2727,1924
HVT-2728,1927
HVT-2729,1924
HVT-2730,1928
HVT-2731,1932
HVT-2732,1916
HVT-2733,1919
HVT-2734,1922
HVT-2736,1928
HVT-2737,1917
HVT-2738,1926
HVT-2739,1923
HVT-2740,1929
HVT-2741,1924
HVT-2742,1933
HVT-2743,1924
HVT-2744,1922
HVT-2745,1923
HVT-2746,1919
HVT-2747,1929
HVT-2748,1922
HVT-2749,1923
HVT-2751,1925
HVT-2752,1920
HVT-2753,1910
HVT-2754,1911
HVT-2755,1925
HVT-2756,
HVT-2757,1917
HVT-2758,1927
HVT-2759,1913
HVT-2760,1892
HVT-2761,1924
HVT-2762,1927
HVT-2763,1932
HVT-2764,1927
HVT-2765,1926
HVT-2766,1924
HVT-2767,
HVT-2768,
HVT-2769,
HVT-2770,1927
HVT-2771,1923
HVT-2772,1926
HVT-2773,1921
HVT-2774,
HVT-2775,1942
HVT-2776,1916
HVT-2777,1920
HVT-2778,1918
HVT-2779,1923
HVT-2780,1944
HVT-2781,1929
HVT-2782,1930
HVT-2783,
HVT-2784,1927
HVT-2785,1918
HVT-2786,1926
HVT-2787,1923
HVT-2789,1914
HVT-2790,1916
HVT-2791,1912
HVT-2792,1916
HVT-2793,1903
HVT-2794,1929
HVT-2795,1925
HVT-2796,
HVT-2797,1928
HVT-2798,1933
HVT-2799,1918
HVT-2800,1918
HVT-2801,1929
HVT-2802,1914
HVT-2803,1927
HVT-2804,
HVT-2805,1931
HVT-2806,
HVT-2807,1915
HVT-2808,1924
HVT-2809,1920
HVT-2810,
HVT-2811,1930
HVT-2812,
HVT-2813,
HVT-2814,
HVT-2815,1937
HVT-2816,1915
HVT-2817,1922
HVT-2818,1930
HVT-2819,1933
HVT-2820,1918
HVT-2821,1927
HVT-2822,1928
HVT-2823,1923
HVT-2824,1922
HVT-2825,1924
HVT-2826,1928
HVT-2827,1918
HVT-2828,
HVT-2829,1927
HVT-2830,1917
HVT-2831,1918
HVT-2832,1923
HVT-2833,1918
HVT-2834,
HVT-2835,1926
HVT-2836,1923
HVT-2837,1925
HVT-2838,1924
HVT-2839,1927
HVT-2840,1910
HVT-2841,1931
HVT-2842,1925
HVT-2843,1924
HVT-2844,1928
HVT-2845,1923
HVT-2846,
HVT-2847,1925
HVT-2848,1922
HVT-2849,1921
HVT-2850,1931
HVT-2851,1929
HVT-2852,1929
HVT-2853,1926
HVT-2854,1927
HVT-2855,1926
HVT-2856,1922
HVT-2857,1914
HVT-2858,1924
HVT-2859,1922
HVT-2860,1931
HVT-2861,1918
HVT-2862,1923
HVT-2863,1929
HVT-2864,1927
HVT-2865,1918
HVT-2866,1927
HVT-2867,1922
HVT-2868,1926
HVT-2869,1923
HVT-2870,1921
HVT-2871,
HVT-2872,1912
HVT-2873,1921
HVT-2874,1916
HVT-2875,1926
HVT-2876,1921
HVT-2877,1920
HVT-2878,1912
HVT-2879,1918
HVT-2880,1926
HVT-2881,1919
HVT-2882,1923
HVT-2883,1913
HVT-2884,1916
HVT-2885,1929
HVT-2886,1912
HVT-2887,1919
HVT-2888,1925
HVT-2889,1908
HVT-2890,1931
HVT-2891,1918
HVT-2892,1915
HVT-2893,1907
HVT-2894,1936
HVT-2895,1923
HVT-2896,1912
HVT-2897,1926
HVT-2898,1924
HVT-2899,1928
HVT-2900,1913
HVT-2901,1923
HVT-2902,1926
HVT-2903,1919
HVT-2904,1924
HVT-2905,1920
HVT-2906,1923
HVT-2907,1907
HVT-2908,1926
HVT-2909,1916
HVT-2910,1919
HVT-2911,1930
HVT-2912,1922
HVT-2913,1920
HVT-2914,1924
HVT-2915,1939
HVT-2916,1917
HVT-2917,1932
HVT-2918,1922
HVT-2919,1911
HVT-2920,1924
HVT-2921,1920
HVT-2922,1915
HVT-2923,1915
HVT-2924,1919
HVT-2925,1934
HVT-2926,1936
HVT-2927,1901
HVT-2928,1918
HVT-2929,1923
HVT-2930,1918
HVT-2931,1912
HVT-2932,1932
HVT-2933,1924
HVT-2934,1924
HVT-2935,1920
HVT-2936,1912
HVT-2937,1924
HVT-2938,1927
HVT-2939,1921
HVT-2940,1917
HVT-2941,1914
HVT-2942,1909
HVT-2943,1919
HVT-2944,1912
HVT-2945,1930
HVT-2946,1925
HVT-2947,1912
HVT-2948,1909
HVT-2949,1923
HVT-2950,1922
HVT-2951,1919
HVT-2952,1925
HVT-2953,1917
HVT-2954,1923
HVT-2955,1911
HVT-2956,1916
HVT-2957,1923
HVT-2958,1911
HVT-2959,
HVT-2960,1936
HVT-2961,1926
HVT-2962,1930
HVT-2963,1927
HVT-2964,1926
HVT-2965,1936
HVT-2966,1919
HVT-2967,1924
HVT-2968,1928
HVT-2969,1920
HVT-2970,1918
HVT-2971,1923
HVT-2972,1908
HVT-2973,1926
HVT-2974,1921
HVT-2975,1913
HVT-2976,1914
HVT-2977,1908
HVT-2978,1918
HVT-2979,1924
HVT-2980,1923
HVT-2981,1921
HVT-2982,1922
HVT-2983,1918
HVT-2984,1926
HVT-2985,1922
HVT-2986,1928
HVT-2987,1923
HVT-2988,1923
HVT-2989,1921
HVT-2990,1916
HVT-2991,1925
HVT-2992,1921
HVT-2993,1915
HVT-2994,1920
HVT-2995,1924
HVT-2996,1921
HVT-2997,1923
HVT-2998,1923
HVT-2999,1913
HVT-3000,1926
HVT-3001,1913
HVT-3002,1924
HVT-3003,1925
HVT-3004,1925
HVT-3005,1922
HVT-3006,1916
HVT-3007,1916
HVT-3008,1916
HVT-3009,1914
HVT-3010,
HVT-3011,1937
HVT-3012,
HVT-3013,1923
HVT-3014,1931
HVT-3015,1920
HVT-3016,
HVT-3017,1919
HVT-3018,1916
HVT-3019,1928
HVT-3020,1915
HVT-3021,1918
HVT-3022,1914
HVT-3023,1915
HVT-3024,1922
HVT-3025,1924
HVT-3026,1919
HVT-3027,1921
HVT-3028,1918
HVT-3029,1926
HVT-3030,
HVT-3031,1912
HVT-3032,
HVT-3033,
HVT-3034,1934
HVT-3035,1931
HVT-3036,
HVT-3038,
HVT-3039,1918
HVT-3040,1921
HVT-3041,1928
HVT-3042,1921
HVT-3043,1921
HVT-3044,1923
HVT-3045,1928
HVT-3046,1925
HVT-3047,1926
HVT-3048,1916
HVT-3049,
HVT-3050,1937
HVT-3051,1919
HVT-3052,1913
HVT-3053,1928
HVT-3054,1927
HVT-3055,1916
HVT-3056,1927
HVT-3057,1924
HVT-3058,1926
HVT-3059,1932
HVT-3060,1930
HVT-3061,1931
HVT-3062,1931
HVT-3063,1924
HVT-3064,1919
HVT-3065,1929
HVT-3066,1935
HVT-3067,1929
HVT-3068,1924
HVT-3069,1931
HVT-3070,1927
HVT-3071,1932
HVT-3072,1927
HVT-3073,1916
HVT-3074,1935
HVT-3075,1902
HVT-3076,1911
HVT-3077,1920
HVT-3079,1927
HVT-3080,1920
HVT-3081,1920
HVT-3082,1923
HVT-3083,1922
HVT-3084,1915
HVT-3086,1933
HVT-3087,1918
HVT-3088,1936
HVT-3089,1915
HVT-3090,1923
HVT-3091,1933
HVT-3092,
HVT-3093,1931
HVT-3094,1917
HVT-3095,1923
HVT-3096,1931
HVT-3097,1938
HVT-3098,1914
HVT-3099,1919
HVT-3100,1912
HVT-3101,1915
HVT-3102,1924
HVT-3103,1923
HVT-3104,
HVT-3105,1915
HVT-3106,1920
HVT-3107,1921
HVT-3109,1920
HVT-3110,
HVT-3111,1920
HVT-3112,1903
HVT-3113,1932
HVT-3114,1922
HVT-3115,1925
HVT-3116,1924
HVT-3117,1926
HVT-3118,1926
HVT-3119,1919
HVT-3120,1919
HVT-3121,1925
HVT-3122,1927
HVT-3123,1934
HVT-3124,1920
HVT-3125,1928
HVT-3126,1929
HVT-3127,1926
HVT-3128,1923
HVT-3129,1922
HVT-3130,1922
HVT-3131,1929
HVT-3132,1938
HVT-3133,1904
HVT-3134,1920
HVT-3135,1911
HVT-3136,1927
HVT-3137,1919
HVT-3138,1938
HVT-3139,
HVT-3140,1933
HVT-3141,1907
HVT-3142,1931
HVT-3143,1927
HVT-3144,1929
HVT-3145,1909
HVT-3146,1927
HVT-3147,1925
HVT-3148,1925
HVT-3149,1938
HVT-3150,1923
HVT-3151,1925
HVT-3152,1918
HVT-3153,1918
HVT-3154,1911
HVT-3155,1913
HVT-3156,1931
HVT-3157,1913
HVT-3158,1930
HVT-3159,1928
HVT-3160,1928
HVT-3161,1921
HVT-3162,1926
HVT-3163,1914
HVT-3164,1920
HVT-3165,1915
HVT-3166,1929
HVT-3167,1914
HVT-3168,1932
HVT-3169,1913
HVT-3170,1911
HVT-3171,1916
HVT-3172,1940
HVT-3173,1913
HVT-3174,1918
HVT-3175,1925
HVT-3176,1917
HVT-3177,1923
HVT-3178,1938
HVT-3179,1918
HVT-3180,1921
HVT-3181,
HVT-3182,1930
HVT-3183,1923
HVT-3184,1918
HVT-3185,1923
HVT-3186,1927
HVT-3187,1934
HVT-3188,1921
HVT-3189,1915
HVT-3190,1923
HVT-3191,1923
HVT-3192,1916
HVT-3193,1918
HVT-3194,
HVT-3195,1922
HVT-3196,
HVT-3197,1924
HVT-3198,1903
HVT-3199,1912
HVT-3200,
HVT-3201,1914
HVT-3202,1910
HVT-3203,1910
HVT-3204,1923
HVT-3205,1911
HVT-3206,1920
HVT-3207,1915
HVT-3208,1935
HVT-3209,1925
HVT-3210,1922
HVT-3211,1916
HVT-3212,1926
HVT-3213,1925
HVT-3214,1921
HVT-3215,1928
HVT-3217,1923
HVT-3218,1919
HVT-3219,1910
HVT-3220,1922
HVT-3221,1925
HVT-3222,1925
HVT-3223,1921
HVT-3224,1933
HVT-3225,1924
HVT-3226,1906
HVT-3227,1923
HVT-3228,1930
HVT-3229,1926
HVT-3230,1913
HVT-3231,1925
HVT-3232,1925
HVT-3233,1926
HVT-3234,1933
HVT-3235,1915
HVT-3236,
HVT-3237,1928
HVT-3238,
HVT-3239,1925
HVT-3240,1918
HVT-3241,1926
HVT-3242,1923
HVT-3243,1913
HVT-3244,1925
HVT-3245,
HVT-3246,1919
HVT-3247,1921
HVT-3248,
HVT-3249,1926
HVT-3250,1916
HVT-3251,1924
HVT-3252,1919
HVT-3253,1921
HVT-3254,1909
HVT-3255,1926
HVT-3256,1928
HVT-3257,1920
HVT-3258,1918
HVT-3260,1924
HVT-3261,1924
HVT-3262,1910
HVT-3263,1927
HVT-3264,1934
HVT-3265,1915
HVT-3266,1919
HVT-3267,1928
HVT-3268,
HVT-3269,1928
HVT-3270,1928
HVT-3271,
HVT-3272,1923
HVT-3273,1925
HVT-3274,1933
HVT-3275,1925
HVT-3276,1925
HVT-3277,1923
HVT-3278,1917
HVT-3279,
HVT-3280,1921
HVT-3281,1924
HVT-3282,1921
HVT-3283,1920
HVT-3284,1923
HVT-3285,1909
HVT-3286,1928
HVT-3287,1912
HVT-3288,1926
HVT-3289,1927
HVT-3290,1926
HVT-3291,1922
HVT-3292,1928
HVT-3293,1921
HVT-3294,1928
HVT-3295,1924
HVT-3296,1921
HVT-3297,1927
HVT-3298,1929
HVT-3299,
HVT-3300,
HVT-3301,1935
HVT-3302,1929
HVT-3303,1927
HVT-3304,1923
HVT-3305,1923
HVT-3306,1927
HVT-3307,1923
MS 1322,1908
HVT-3309,1922
HVT-3310,1922
HVT-3311,1923
HVT-3312,1926
HVT-3313,1915
HVT-3314,1922
HVT-3315,1913
HVT-3316,1914
HVT-3317,1919
HVT-3318,1928
HVT-3319,1926
HVT-3320,1920
HVT-3321,
HVT-3322,1921
HVT-3323,1926
HVT-3324,1920
HVT-3325,1923
HVT-3326,1930
HVT-3327,
HVT-3328,
HVT-3329,1926
HVT-3330,1919
HVT-3331,1924
HVT-3332,1909
HVT-3333,1929
HVT-3334,
HVT-3335,1923
HVT-3336,
HVT-3337,1919
HVT-3338,1924
HVT-3339,1916
HVT-3340,1922
HVT-3341,1921
HVT-3342,1920
HVT-3343,1912
HVT-3344,1924
HVT-3345,1915
HVT-3346,1924
HVT-3347,1923
HVT-3348,1915
HVT-3349,1921
HVT-3350,1927
HVT-3351,1920
HVT-3352,1920
HVT-3353,1920
HVT-3354,1913
HVT-3355,1913
HVT-3356,1929
HVT-3357,1920
HVT-3358,1912
HVT-3359,1930
HVT-3360,1923
HVT-3361,1911
HVT-3362,1922
HVT-3363,1929
HVT-3364,1929
HVT-3365,1927
HVT-3366,
HVT-3367,1932
HVT-3368,1921
HVT-3369,1922
HVT-3370,1929
HVT-3371,1904
HVT-3372,
HVT-3373,1912
HVT-3374,1916
HVT-3375,1924
HVT-3376,1922
HVT-3377,1923
HVT-3378,1906
HVT-3379,1922
HVT-3380,1923
HVT-3381,1919
HVT-3382,1919
HVT-3383,1923
HVT-3384,
HVT-3385,1918
HVT-3386,1921
HVT-3387,1917
HVT-3388,
HVT-3389,1923
HVT-3390,1914
HVT-3391,1912
HVT-3392,1928
HVT-3393,1915
HVT-3394,1930
HVT-3395,1918
HVT-3396,1935
HVT-3397,1919
HVT-3398,1905
HVT-3399,1912
HVT-3400,1926
HVT-3401,1925
HVT-3402,1928
HVT-3403,1920
HVT-3404,1924
HVT-3405,1920
HVT-3406,1929
HVT-3407,1929
HVT-3408,1929
HVT-3409,1939
HVT-3410,1920
HVT-3411,1919
HVT-3412,1935
HVT-3413,1928
HVT-3414,1932
HVT-3415,1922
HVT-3416,1926
HVT-3417,1926
HVT-3418,1913
HVT-3419,1924
HVT-3420,1919
HVT-3421,1923
HVT-3422,1918
HVT-3423,1922
HVT-3424,1926
HVT-3425,1918
HVT-3426,1928
HVT-3427,1920
HVT-3428,1923
HVT-3429,
HVT-3430,1922
HVT-3431,1913
HVT-3432,1917
HVT-3433,1924
HVT-3434,1924
HVT-3435,1929
HVT-3436,1922
HVT-3437,1924
HVT-3438,1919
HVT-3439,1924
HVT-3440,1923
HVT-3442,1918
HVT-3443,1920
HVT-3444,1924
HVT-3445,1923
HVT-3446,1929
HVT-3447,1910
HVT-3448,1920
HVT-3449,1920
HVT-3450,1925
HVT-3451,1931
HVT-3452,
HVT-3453,1921
HVT-3454,1922
HVT-3455,1921
HVT-3456,1908
HVT-3457,1924
HVT-3458,1926
HVT-3459,1922
HVT-3460,1914
HVT-3461,1921
HVT-3462,1920
HVT-3463,1919
HVT-3464,1923
HVT-3465,1924
HVT-3466,1924
HVT-3467,1926
HVT-3468,1925
HVT-3469,1923
HVT-3470,1922
HVT-3471,1920
HVT-3472,
HVT-3473,1925
HVT-3474,1924
HVT-3475,1924
HVT-3476,1922
HVT-3477,1914
HVT-3478,1912
HVT-3479,1921
HVT-3480,
HVT-3481,1929
HVT-3482,1924
HVT-3483,1924
HVT-3484,1923
HVT-3485,1928
HVT-3486,1925
HVT-3487,1927
HVT-3488,1924
HVT-3489,1915
HVT-3490,1925
HVT-3491,1927
HVT-3492,1923
HVT-3493,1923
HVT-3494,1921
HVT-3495,
HVT-3496,1920
HVT-3497,1928
HVT-3498,
HVT-3499,1922
HVT-3500,1925
HVT-3501,
HVT-3502,1939
HVT-3503,
HVT-3504,1912
HVT-3505,1923
HVT-3506,1926
HVT-3507,1917
HVT-3508,1922
HVT-3509,
HVT-3510,1923
HVT-3511,1927
HVT-3512,1921
HVT-3513,1928
MS 1322,1919
HVT-3515,1920
HVT-3516,1914
HVT-3517,
HVT-3518,1913
HVT-3519,1917
HVT-3520,1918
HVT-3521,1924
HVT-3522,1937
HVT-3523,1939
HVT-3524,1936
HVT-3525,1935
HVT-3526,1931
HVT-3527,1919
HVT-3528,1930
HVT-3529,1933
HVT-3530,1936
HVT-3531,1934
HVT-3532,1929
HVT-3533,1935
HVT-3534,
HVT-3535,
HVT-3536,1919
HVT-3537,1926
HVT-3538,1928
HVT-3539,1921
HVT-3540,
HVT-3541,
HVT-3542,1926
HVT-3543,1919
HVT-3544,1919
HVT-3545,1926
HVT-3546,1925
HVT-3547,1919
HVT-3548,1922
HVT-3549,1915
HVT-3550,1924
HVT-3551,1907
HVT-3552,1924
HVT-3553,1917
HVT-3554,1923
HVT-3555,1929
HVT-3556,1914
HVT-3557,1922
HVT-3558,1929
HVT-3559,1923
HVT-3560,1922
HVT-3561,1921
HVT-3562,1920
HVT-3563,1924
HVT-3564,1926
HVT-3565,1920
HVT-3566,1923
HVT-3567,1919
HVT-3568,1915
HVT-3569,1927
HVT-3570,1923
HVT-3571,1923
HVT-3572,1906
HVT-3573,1922
HVT-3574,1936
HVT-3575,1932
HVT-3576,1926
HVT-3577,1930
HVT-3578,1927
HVT-3579,1920
HVT-3580,1924
HVT-3581,1921
HVT-3582,1932
HVT-3583,1926
HVT-3584,1929
HVT-3585,1920
HVT-3586,1924
HVT-3587,1919
HVT-3588,1921
HVT-3589,1921
HVT-3590,1908
HVT-3591,1926
HVT-3592,1915
HVT-3593,1914
HVT-3594,1918
HVT-3595,1917
HVT-3596,1924
HVT-3597,1928
HVT-3598,1919
HVT-3599,1928
HVT-3600,1922
HVT-3601,1930
HVT-3602,1929
HVT-3603,1929
HVT-3604,1923
HVT-3605,1927
HVT-3606,1924
HVT-3607,1919
HVT-3608,1930
HVT-3609,1924
HVT-3610,1924
HVT-3611,
HVT-3612,1912
HVT-3613,1925
HVT-3614,1925
HVT-3615,1915
HVT-3616,1912
HVT-3617,1928
HVT-3618,1923
HVT-3619,1923
HVT-3620,1912
HVT-3621,1925
HVT-3622,1915
HVT-3623,1912
HVT-3624,1922
HVT-3625,1934
HVT-3626,1924
HVT-3627,1925
HVT-3628,1917
HVT-3629,1932
HVT-3630,
HVT-3631,1915
HVT-3632,1918
HVT-3633,1930
HVT-3634,
HVT-3635,1929
HVT-3636,1920
HVT-3637,1919
HVT-3638,1929
HVT-3639,1926
HVT-3640,1916
HVT-3641,1924
HVT-3642,1928
HVT-3643,1924
HVT-3644,1925
HVT-3645,1923
HVT-3646,1918
HVT-3647,1921
HVT-3648,1930
HVT-3649,1905
HVT-3650,1923
HVT-3651,1930
HVT-3652,1924
HVT-3653,1930
HVT-3654,1921
HVT-3655,1923
HVT-3656,1927
HVT-3657,1910
HVT-3658,1919
HVT-3659,1916
HVT-3660,1924
HVT-3661,1921
HVT-3662,1909
HVT-3663,1924
HVT-3664,1919
HVT-3665,1925
HVT-3666,1922
HVT-3667,1925
HVT-3668,1926
HVT-3669,1923
HVT-3670,1924
HVT-3671,1927
HVT-3672,1922
HVT-3673,1921
HVT-3674,1930
HVT-3675,1923
HVT-3676,
HVT-3677,1924
HVT-3678,1926
HVT-3679,1921
HVT-3680,1924
HVT-3681,1933
HVT-3682,1940
HVT-3683,1918
HVT-3684,1928
HVT-3685,1918
HVT-3686,1941
HVT-3687,1937
HVT-3688,1923
HVT-3689,1919
HVT-3690,1938
HVT-3691,1923
HVT-3692,
HVT-3693,1921
HVT-3694,1924
HVT-3695,1919
HVT-3696,1932
HVT-3697,1932
HVT-3698,1924
HVT-3699,1927
HVT-3700,1932
HVT-3701,1938
HVT-3702,1930
HVT-3703,1911
HVT-3704,1930
HVT-3705,1923
HVT-3706,1922
HVT-3707,1929
HVT-3708,
HVT-3709,1926
HVT-3710,1913
HVT-3712,1912
HVT-3713,1920
HVT-3714,1919
HVT-3715,1920
HVT-3716,1920
HVT-3717,1913
HVT-3718,1920
HVT-3719,1942
HVT-3720,1923
HVT-3721,1929
HVT-3722,1920
HVT-3723,1927
HVT-3724,1910
HVT-3725,1921
HVT-3726,1926
HVT-3727,1921
HVT-3728,1936
HVT-3729,1929
HVT-3730,1927
HVT-3731,1913
HVT-3732,1924
HVT-3733,1926
HVT-3734,1923
HVT-3735,1915
HVT-3736,1923
HVT-3737,1920
HVT-3738,1927
HVT-3739,1910
HVT-3740,1932
HVT-3741,1923
HVT-3742,1921
HVT-3743,1916
HVT-3744,1926
HVT-3745,1923
HVT-3746,1927
HVT-3747,1924
HVT-3748,1922
HVT-3749,1929
HVT-3750,1931
HVT-3751,1918
HVT-3752,1916
HVT-3753,1927
HVT-3754,
HVT-3755,
HVT-3756,1923
HVT-3757,1917
HVT-3758,1924
HVT-3759,
HVT-3760,1923
HVT-3761,1932
HVT-3762,1911
HVT-3763,1923
HVT-3764,1932
HVT-3765,1924
HVT-3766,1930
HVT-3767,1933
HVT-3768,1931
HVT-3769,1922
HVT-3770,1921
HVT-3771,1926
HVT-3772,1926
HVT-3773,1923
HVT-3774,1926
HVT-3775,1923
HVT-3776,1928
HVT-3777,1929
HVT-3778,1935
HVT-3779,1926
HVT-3780,1922
HVT-3781,
HVT-3782,1924
HVT-3783,1924
HVT-3784,1933
HVT-3785,1925
HVT-3786,1928
HVT-3787,1924
HVT-3788,
HVT-3789,1930
HVT-3790,1921
HVT-3791,1931
HVT-3792,1921
HVT-3793,1920
HVT-3794,1919
HVT-3795,1929
HVT-3796,1931
HVT-3797,1917
HVT-3798,1921
HVT-3799,1928
HVT-3800,1925
HVT-3801,1932
HVT-3802,1922
HVT-3803,1926
HVT-3804,1928
HVT-3805,
HVT-3806,1906
HVT-3807,
HVT-3808,1923
HVT-3809,1927
HVT-3810,1927
HVT-3811,1929
HVT-3812,1932
HVT-3813,1926
HVT-3814,1927
HVT-3815,1928
HVT-3816,1927
HVT-3817,1916
HVT-3818,1928
HVT-3819,1925
HVT-3820,1925
HVT-3821,1927
HVT-3822,1931
HVT-3823,1928
HVT-3824,1923
HVT-3825,1925
HVT-3826,1931
HVT-3827,1928
HVT-3828,1913
HVT-3829,1926
HVT-3830,1915
HVT-3831,1933
HVT-3832,1929
HVT-3833,1926
HVT-3834,1931
HVT-3835,1923
HVT-3836,1927
HVT-3837,1925
HVT-3838,1922
HVT-3839,1923
HVT-3840,1922
HVT-3841,1922
HVT-3842,1926
HVT-3844,1920
HVT-3845,1920
HVT-3846,1932
HVT-3847,1921
HVT-3848,1929
HVT-3849,1928
HVT-3850,1926
HVT-3851,1931
HVT-3852,1939
HVT-3853,1909
HVT-3854,1924
HVT-3855,1934
HVT-3856,1916
HVT-3857,1920
HVT-3858,1935
HVT-3859,1923
HVT-3860,1936
HVT-3861,1913
HVT-3862,1924
HVT-3863,1926
HVT-3864,1920
HVT-3865,1933
HVT-3866,1929
HVT-3867,1930
HVT-3868,1920
HVT-3869,1928
HVT-3870,1925
HVT-3871,1924
HVT-3872,1933
HVT-3873,1923
HVT-3874,1927
HVT-3875,1921
HVT-3876,1929
HVT-3877,1922
HVT-3878,1923
HVT-3879,1920
HVT-3880,1931
HVT-3881,1917
HVT-3882,1924
HVT-3883,1925
HVT-3884,
HVT-3885,1924
HVT-3886,1927
HVT-3887,1922
HVT-3888,1915
HVT-3889,1923
HVT-3890,1927
HVT-3891,1929
HVT-3892,1922
HVT-3893,1919
HVT-3894,1923
HVT-3895,1929
HVT-3896,1922
HVT-3897,1924
HVT-3898,1928
HVT-3899,1918
HVT-3900,1925
HVT-3901,1932
HVT-3902,1910
HVT-3903,1925
HVT-3904,1928
HVT-3905,1919
HVT-3906,1924
HVT-3907,1926
HVT-3908,1931
HVT-3909,1919
HVT-3910,1918
HVT-3911,1932
HVT-3912,1930
HVT-3913,1926
HVT-3914,1915
HVT-3915,1920
HVT-3916,1903
HVT-3917,1936
HVT-3918,1929
HVT-3919,1920
HVT-3920,1930
HVT-3921,1935
HVT-3922,1913
HVT-3923,1910
HVT-3924,1928
HVT-3925,1925
HVT-3926,1921
HVT-3927,1928
HVT-3928,1922
HVT-3929,1916
HVT-3930,1924
HVT-3931,1927
HVT-3932,1912
HVT-3933,1914
HVT-3934,1935
HVT-3935,1920
HVT-3936,1921
HVT-3937,
HVT-3938,1940
HVT-3939,1904
HVT-3940,1930
HVT-3941,1930
HVT-3942,1929
HVT-3943,1923
HVT-3944,1942
HVT-3945,1907
HVT-3946,1909
HVT-3948,1925
HVT-3949,1922
HVT-3950,1928
HVT-3951,1926
HVT-3952,1909
HVT-3953,1931
HVT-3954,1926
HVT-3955,1931
HVT-3956,1920
HVT-3957,1929
HVT-3958,1928
HVT-3959,1933
HVT-3960,1928
HVT-3961,1915
HVT-3962,1929
HVT-3963,1929
HVT-3964,1923
HVT-3965,1936
HVT-3966,1934
HVT-3967,1920
HVT-3968,1921
HVT-3969,1918
HVT-3970,1920
HVT-3971,1924
HVT-3972,1930
HVT-3974,1913
HVT-3975,1905
HVT-3976,1925
HVT-3977,1930
HVT-3978,1922
HVT-3979,1923
HVT-3980,1933
HVT-3981,1935
HVT-3982,1939
HVT-3983,
HVT-3984,1912
HVT-3985,1914
HVT-3986,1921
HVT-3987,1929
HVT-3988,1931
HVT-3989,1929
HVT-3990,1934
HVT-3991,1921
HVT-3992,1924
HVT-3993,1930
HVT-3994,1930
HVT-3995,1924
HVT-3996,
HVT-3997,1916
HVT-3998,1923
HVT-3999,1923
HVT-4000,1923
HVT-4001,1925
HVT-4002,1927
HVT-4003,1933
HVT-4004,1925
HVT-4005,1933
HVT-4006,1924
HVT-4007,1933
HVT-4008,1926
HVT-4009,1912
HVT-4010,1906
HVT-4011,1916
HVT-4012,1921
HVT-4013,1927
HVT-4014,1921
HVT-4015,1925
HVT-4016,1923
HVT-4017,1908
HVT-4018,1919
HVT-4019,1915
HVT-4020,1923
HVT-4021,1923
HVT-4022,1925
HVT-4023,1923
HVT-4024,1912
HVT-4025,1922
HVT-4026,1918
HVT-4027,1927
HVT-4028,1913
HVT-4029,1922
HVT-4030,1912
HVT-4031,1909
HVT-4032,1922
HVT-4033,1920
HVT-4034,1919
HVT-4035,1923
HVT-4036,1924
HVT-4037,1923
HVT-4038,1937
HVT-4039,1924
HVT-4040,1920
HVT-4041,1923
HVT-4042,1913
HVT-4043,1925
HVT-4044,1925
HVT-4045,1920
HVT-4046,1917
HVT-4047,1919
HVT-4048,1920
HVT-4049,1921
HVT-4050,1915
HVT-4051,1919
HVT-4052,1926
HVT-4053,1925
HVT-4054,1920
HVT-4055,1925
HVT-4056,1924
HVT-4057,1931
HVT-4058,1928
HVT-4059,
HVT-4060,1919
HVT-4061,1922
HVT-4062,1939
HVT-4063,1931
HVT-4064,1922
HVT-4066,1917
HVT-4067,1925
HVT-4068,1926
HVT-4069,1927
HVT-4070,1921
HVT-4071,1926
HVT-4072,1921
HVT-4073,1911
HVT-4074,1910
HVT-4075,1923
HVT-4076,1912
HVT-4077,1933
HVT-4078,1912
HVT-4079,1923
HVT-4080,1925
HVT-4081,1914
HVT-4082,1922
MS 1322,1927
HVT-4084,1923
HVT-4085,1914
HVT-4086,1913
HVT-4087,1905
HVT-4088,1921
HVT-4089,1929
HVT-4090,1931
HVT-4091,1933
HVT-4092,1932
HVT-4093,1930
HVT-4094,1939
HVT-4095,1927
MS 1322,
HVT-4097,
HVT-4098,1933
HVT-4099,1937
HVT-4100,1935
HVT-4101,1960
HVT-4102,1920
HVT-4103,1926
HVT-4104,1930
HVT-4105,1918
HVT-4106,1928
HVT-4107,1925
HVT-4108,1915
HVT-4109,1922
HVT-4110,1928
HVT-4111,1931
HVT-4112,
HVT-4113,1917
HVT-4114,1929
HVT-4115,1921
HVT-4116,1922
HVT-4117,1936
HVT-4118,1917
HVT-4119,1914
HVT-4120,1938
HVT-4121,1924
HVT-4122,1919
HVT-4123,1922
HVT-4124,1925
HVT-4125,1929
HVT-4126,1930
HVT-4127,1935
HVT-4128,1920
HVT-4129,1918
HVT-4130,1935
HVT-4131,1935
HVT-4132,1929
HVT-4133,1922
HVT-4134,1916
HVT-4135,1922
HVT-4136,1917
HVT-4137,1927
HVT-4138,1920
HVT-4139,1919
HVT-4140,1941
HVT-4141,1906
HVT-4142,1925
HVT-4143,1919
HVT-4144,1926
HVT-4145,1932
HVT-4146,1928
HVT-4147,1926
HVT-4148,1925
HVT-4149,1921
HVT-4150,1914
HVT-4151,1927
HVT-4152,1922
HVT-4154,1928
HVT-4155,1928
HVT-4156,1919
HVT-4157,1934
HVT-4158,1928
HVT-4159,
HVT-4160,1916
HVT-4161,1929
HVT-4162,1923
HVT-4163,1923
HVT-4164,1935
HVT-4165,1925
HVT-4166,
HVT-4167,1926
HVT-4168,1921
HVT-4169,1925
HVT-4170,1936
HVT-4171,1925
HVT-4172,1928
HVT-4173,1928
HVT-4174,1925
HVT-4175,1924
HVT-4176,1927
HVT-4177,1928
HVT-4178,1927
HVT-4179,1926
HVT-4180,
HVT-4181,1920
HVT-4182,1929
HVT-4183,1925
HVT-4184,1934
HVT-4185,1927
HVT-4186,1935
HVT-4187,1936
HVT-4188,
HVT-4189,1917
HVT-4190,1911
HVT-4191,1925
HVT-4192,1922
HVT-4193,1920
HVT-4194,1920
HVT-4195,1922
HVT-4196,1927
HVT-4197,1921
HVT-4198,1923
HVT-4199,1921
HVT-4200,1921
HVT-4201,1924
HVT-4202,1926
HVT-4203,1919
HVT-4204,1925
HVT-4205,1929
HVT-4206,1920
HVT-4207,1924
HVT-4208,1931
HVT-4209,1939
HVT-4210,1935
HVT-4211,1918
HVT-4212,
HVT-4213,1921
HVT-4214,1932
HVT-4215,1924
HVT-4217,1928
HVT-4218,1928
HVT-4219,1928
HVT-4220,1926
HVT-4221,1923
HVT-4222,1916
HVT-4223,1921
HVT-4224,1932
HVT-4226,1920
HVT-4227,1918
HVT-4228,1905
HVT-4229,1924
HVT-4230,1919
HVT-4231,1920
HVT-4232,1918
HVT-4233,1925
HVT-4234,1909
HVT-4235,1922
HVT-4236,1921
HVT-4237,1926
HVT-4238,1922
HVT-4239,1921
HVT-4240,1920
HVT-4241,1936
HVT-4242,1920
HVT-4243,1920
HVT-4244,1926
HVT-4245,1928
HVT-4246,1919
HVT-4247,1909
HVT-4248,1922
HVT-4249,1924
HVT-4250,1920
HVT-4251,1924
HVT-4252,1935
HVT-4253,1921
HVT-4254,1920
HVT-4255,1928
HVT-4256,1916
HVT-4257,1916
HVT-4258,1933
HVT-4259,1928
HVT-4260,1920
HVT-4261,1923
HVT-4262,1928
HVT-4263,1920
HVT-4264,1920
HVT-4265,1925
HVT-4266,1922
HVT-4267,1926
HVT-4268,1928
HVT-4269,1926
HVT-4270,1933
HVT-4271,1911
HVT-4272,1922
HVT-4273,1923
HVT-4274,1918
HVT-4275,1926
HVT-4277,
HVT-4278,1928
HVT-4279,1937
HVT-4280,1938
HVT-4281,1926
HVT-4282,1928
HVT-4283,1921
HVT-4284,1922
HVT-4285,1924
HVT-4286,1920
HVT-4287,1926
HVT-4288,1922
HVT-4289,1919
HVT-4290,1922
HVT-4291,1923
HVT-4292,1920
HVT-4293,1925
HVT-4294,1927
HVT-4295,1925
HVT-4296,1922
HVT-4297,1924
HVT-4298,1926
HVT-4299,1924
HVT-4300,1914
HVT-4301,1923
HVT-4302,1921
HVT-4303,1925
HVT-4304,1923
HVT-4305,1917
HVT-4306,1923
HVT-4307,1926
HVT-4308,1922
HVT-4309,1917
HVT-4310,1920
HVT-4311,1925
HVT-4312,1907
HVT-4313,1920
HVT-4314,1920
HVT-4315,1930
HVT-4316,1927
HVT-4317,1922
HVT-4318,1928
HVT-4319,
HVT-4320,1921
HVT-4321,1923
HVT-4322,1919
HVT-4323,1920
HVT-4324,1923
HVT-4325,1927
HVT-4326,1923
HVT-4327,1924
HVT-4328,1924
HVT-4329,1926
HVT-4330,1928
HVT-4331,1924
HVT-4332,1925
HVT-4333,1927
HVT-4334,1927
HVT-4335,1930
HVT-4336,1923
HVT-4337,1934
HVT-4338,1925
HVT-4339,1925
HVT-4340,1920
HVT-4341,1938
HVT-4342,1925
HVT-4343,1928
HVT-4344,1932
HVT-4345,1927
HVT-4346,
HVT-4347,1930
HVT-4348,1921
HVT-4349,
HVT-4350,
HVT-4351,
HVT-4352,1914
HVT-4353,1921
HVT-4354,1927
HVT-4355,
HVT-4356,
HVT-4357,1919
HVT-4358,
HVT-4359,
HVT-4360,1928
HVT-4361,
HVT-4362,1921
HVT-4363,
HVT-4364,1913
HVT-4365,1923
HVT-4366,1928
HVT-4367,1922
HVT-4368,1919
HVT-4369,1929
HVT-4370,1936
HVT-4389,1926
HVT-4390,1927
HVT-4391,1916
HVT-4392,1920
HVT-4393,1920
HVT-4394,1927
HVT-4395,1924
HVT-4396,1930
HVT-4397,1926
HVT-4398,1927
HVT-4399,1933
HVT-4400,1925
HVT-4401,1918
HVT-4402,1948
HVT-4403,1920
HVT-4404,1913
HVT-4405,1935
HVT-4406,1925
HVT-4407,1921
HVT-4408,1925
HVT-4409,1926
HVT-4410,1920
HVT-4411,1927
HVT-4412,1928
HVT-4413,1924
HVT-4414,1920
HVT-4415,1934
HVT-4416,1921
HVT-4417,1918
HVT-4418,1926
HVT-4419,1924
HVT-4420,1925
HVT-4421,1933
HVT-4422,1926
HVT-4423,1929
HVT-4424,
HVT-4425,1922
HVT-4426,1934
HVT-4427,1918
HVT-4428,1923
HVT-4429,1924
HVT-4430,1934
HVT-4431,1928
HVT-4432,1929
HVT-4433,
HVT-4434,1948
HVT-4435,
HVT-4436,1939
HVT-4437,1928
HVT-4438,
HVT-4439,1926
,1926
HVT-4441,1930
HVT-4442,1934
HVT-4443,1925
HVT-4444,1916
HVT-4445,1917
HVT-4446,1931
HVT-4447,1930
HVT-4448,1926
HVT-4449,1931
HVT-4450,1920
HVT-4451,1923
HVT-4452,1925
HVT-4453,1921
HVT-4454,1924
HVT-4455,1930
HVT-4456,
HVT-4457,1920
HVT-4458,1923
HVT-4459,
HVT-4460,1930
HVT-4461,1914
HVT-4462,1928
HVT-4463,1930
HVT-4464,1937
HVT-4465,1933
HVT-4466,1925
